excel_name,shp_name,tech,latitude,longitude,potencia_mw,matched
PE-TCHAMMA,TCHAMMA,Eólica,-22.49847245199993,-69.08436045699995,171.777,True
PE-SIERRAGORDA,SIERRA GORDA ESTE,Eólica,-22.877677270999982,-68.97469135399996,110.619,True
PE-VALLEDELOSVIENTOS,VALLE DE LOS VIENTOS,Eólica,-22.517831847999958,-68.81710784399996,88.9,True
PE-CERROTIGRE,CERRO TIGRE,Eólica,-23.76023049199995,-69.92844411399994,182.05,True
PE-CALAMA,PARQUE EOLICO CALAMA,Eólica,-22.473523426999975,-68.77023539099997,160.696,True
PE-TALTAL,EOLICA TALTAL,Eólica,-25.08005228999997,-69.85721235099999,98.109,True
PE-SARCO,SARCO,Eólica,-28.861625156999935,-71.42236915599995,167.56,True
PE-CABOLEONES-1,CABO LEONES,Eólica,-28.91153034799993,-71.46676604699996,175.1989,True
PE-CABOLEONES-2,CABO LEONES II,Eólica,-28.968791090999957,-71.44350223699996,205.25,True
PE-CABOLEONES-3,CABO LEONES III,Eólica,-28.927308866999965,-71.49175079899999,188.274,True
PE-SANJUAN,EOLICA SAN JUAN,Eólica,-28.88147059599993,-71.46822809499997,189.4,True
PE-PUNTACOLORADA,EOLICA PUNTA COLORADA,Eólica,-29.367536066999946,-71.04013630199995,19.998,True
PE-ELARRAYAN,EOLICA EL ARRAYAN,Eólica,-30.58317100499994,-71.70100835099998,114.9885,True
PE-TALINAYPONIENTE,EOLICA TALINAY PONIENTE,Eólica,-30.811158499999976,-71.65297273999994,60.098,True
PE-TALINAYORIENTE,EOLICA TALINAY ORIENTE,Eólica,-30.846370277999938,-71.56972194299993,89.55,True
PE-PUNTASIERRA,PUNTA SIERRA,Eólica,-31.13486043499995,-71.63304070599997,81.185,True
PE-LOSCURUROS,EOLICA LOS CURUROS,Eólica,-31.029368088999945,-71.63222681199994,107.7,True
PE-MONTEREDONDO,MONTE REDONDO,Eólica,-31.07258501399997,-71.63710555299997,47.52,True
PE-PUNTAPALMERAS,EOLICA PUNTA PALMERAS,Eólica,-31.236030778999975,-71.62507587099998,44.7048,True
PE-CANELA,CANELA,Eólica,-31.28669231899994,-71.61068534599997,17.9685,True
PE-CANELA-2,CANELA II,Eólica,-31.30637849599998,-71.61782468899997,59.4,True
PE-TOTORAL,EOLICA TOTORAL,Eólica,-31.348494656999947,-71.60186272499993,45.54,True
PE-LAESTRELLA,,Eólica,,,,False
PE-NEGRETE,,Eólica,,,,False
PE-LOSOLMOS,,Eólica,,,,False
PE-RENAICO,,Eólica,,,,False
PE-MALLECONORTE,,Eólica,,,,False
PE-MALLECOSUR,,Eólica,,,,False
PE-SANGABRIEL,,Eólica,,,,False
PE-LAFLOR,,Eólica,,,,False
PE-TOLPANSUR,,Eólica,,,,False
PE-LOSBUENOSAIRES,,Eólica,,,,False
PE-LAESPERANZA,,Eólica,,,,False
PE-AURORA,,Eólica,,,,False
PE-SANPEDRO,,Eólica,,,,False
PE-SANPEDRO-2,,Eólica,,,,False
PE-CUEL,,Eólica,,,,False
PE-ALENA,,Eólica,,,,False
PE-MESAMAVIDA,,Eólica,,,,False
PE-LOMASDEDUQUECO,,Eólica,,,,False
PE-PUELCHESUR,,Eólica,,,,False
PE-LLANOSDELVIENTO,LLANOS DEL VIENTO,Eólica,-23.771658042999945,-69.97065505799998,157.011,True
PE-CAMPO-LINDO,,Eólica,,,,False
PE-RENAICO-2,,Eólica,,,,False
PE-ATACAMA,ATACAMA,Eólica,-28.96297326299998,-71.49210224199999,160.294,True
PE-LACABANA,,Eólica,,,,False
PE-SANMATIAS,,Eólica,,,,False
PE-CARDONAL,,Eólica,,,,False
PE-CERRILLOS,,Eólica,,,,False
PE-MANANTIALES,,Eólica,,,,False
PE-KALLPA,KALLPA,Eólica,-24.91856365899997,-69.98947922699995,335.596,True
PE-HORIZONTENORTE,HORIZONTE NORTE,Eólica,-24.962272565999967,-69.86899527799994,366.5994,True
PE-HORIZONTESUR,HORIZONTE SUR,Eólica,-24.962272565999967,-69.86899527799994,364.4452,True
PE-PUNTADETALCA,PUNTA DE TALCA,Eólica,-30.90454856799994,-71.64503528499995,79.2432,True
PFV-POZOALMONTE-2,POZO ALMONTE SOLAR II,Solar,-20.27406127499995,-69.75204960299999,7.496,True
PFV-POZOALMONTE-3,POZO ALMONTE SOLAR III,Solar,-20.24879576899997,-69.75025241399999,15.998,True
PFV-LAHUAYCA-2,LA HUAYCA II,Solar,-20.45456065299993,-69.53401235799998,25.05,True
PFV-SANTAISABEL,SANTA ISABEL ETAPA I,Solar,-22.055455369999947,-69.59297166399995,165.79,True
PFV-HUATACONDO,HUATACONDO,Solar,-21.13582107299993,-69.46467796699994,88.1,True
PFV-ATACAMASOLAR-2,ATACAMA SOLAR II,Solar,-20.511599541999942,-69.46669030499999,149.98,True
PFV-NUEVOQUILLAGUA,NUEVO QUILLAGUA,Solar,-21.650177759999963,-69.49502755999998,95.052,True
PFV-GRANJA,GRANJA SOLAR,Solar,-20.80834157299995,-69.49637771399995,109.59,True
PFV-USYA,USYA,Solar,-22.486008892999962,-68.84669304099998,55.0,True
PFV-SANPEDRO-GPG,SAN PEDRO,Solar,-22.55494968499994,-68.76013141699997,102.2,True
PFV-JAMA-1,JAMA,Solar,-22.586050557999954,-68.69941150099999,51.0,True
PFV-JAMA-2,JAMA,Solar,-22.586050557999954,-68.69941150099999,51.0,True
PFV-SOLDELDESIERTO,SOL DEL DESIERTO,Solar,-22.20059795399993,-69.56209852699993,225.51,True
PFV-MARIAELENA,MARIA ELENA FV,Solar,-22.220403871999963,-69.57663441799997,67.8,True
PFV-LACRUZSOLAR,LA CRUZ SOLAR,Solar,-22.257168754999952,-69.61214086099994,52.0201,True
PFV-FINISTERRAE,PARQUE SOLAR FINIS TERRAE,Solar,-22.344641621999983,-69.52243069499997,241.394,True
PFV-AZABACHE,AZABACHE,Solar,-22.485594240999944,-68.82126236599998,58.0703,True
PFV-TAMAYA,TAMAYA SOLAR,Solar,-22.17203003399993,-70.09011252499994,112.89,True
PFV-CERRODOMINADOR,PFV CERRO DOMINADOR,Solar,-22.79295879999995,-69.45973255299998,99.9,True
PFV-BOLERO-1,,Solar,,,,False
PFV-URIBESOLAR,URIBE SOLAR,Solar,-23.56178119599997,-70.21660501799994,52.75,True
PFV-DOMEYKO,DOMEYKO,Solar,-24.062041127999976,-69.57744472299999,201.61,True
PFV-ANDES,ANDES SOLAR,Solar,-24.00854670399997,-68.58490714699997,21.425,True
PFV-ANDES2A,ANDES SOLAR,Solar,-24.00854670399997,-68.58490714699997,21.425,True
PFV-SOLDELILA,SOL DE LILA,Solar,-24.03316840399998,-68.57509231199998,149.23,True
PFV-LALACKAMA,LALACKAMA,Solar,-25.119227808999938,-70.30305476899997,54.835,True
PFV-PAMPASOLARNORTE,PAMPA SOLAR NORTE,Solar,-25.532951526999966,-70.17987069899993,65.8652,True
PFV-CONEJO,CONEJO SOLAR,Solar,-25.504103215999976,-70.16290331299996,102.5864,True
PFV-ALMEYDA,ALMEYDA,Solar,-26.18980341599996,-70.09723720199997,56.0,True
PFV-MALGARIDA,MALGARIDA,Solar,-26.27150796799998,-69.94549511599996,200.68,True
PFV-JAVIERA,JAVIERA,Solar,-26.30373869799996,-70.22074430299995,63.3,True
PFV-SOLDELOSANDES,SOL DE LOS ANDES,Solar,-26.31823024199997,-69.92355276399996,89.7155,True
PFV-CHANARES,CHANARES,Solar,-26.373058456999956,-70.08012924499997,35.892,True
PFV-SALVADOR,PV SALVADOR,Solar,-26.31068278899994,-69.86555886899998,67.796,True
PFV-DIEGODEALMAGRO,SOLAR DIEGO DE ALMAGRO,Solar,-26.378934176999962,-70.02006237699999,31.914,True
PFV-CAMPOSDELSOL,CAMPOS DEL SOL,Solar,-27.06459240299995,-69.90784787099994,363.7962,True
PFV-CARRERAPINTO,PFV CARRERA PINTO,Solar,-27.00423631299998,-69.86703741599996,90.675,True
PFV-LUZDELNORTE,LUZ DEL NORTE,Solar,-27.02624758199994,-69.89286185599997,141.04,True
PFV-LLANODELLAMPOS,LLANO DE LLAMPOS,Solar,-27.117460621999953,-70.17114340099994,101.02,True
PFV-SANANDRES,SOLAR SAN ANDRES,Solar,-27.25422451999998,-70.11122075299994,50.6,True
PFV-RIOESCONDIDO,RIO ESCONDIDO,Solar,-27.880864344999964,-70.19405308099994,157.96,True
PFV-LOSLOROS,LOS LOROS,Solar,-27.85137752199995,-70.16848334599996,45.8467,True
PFV-ELROMERO,EL ROMERO,Solar,-29.109486537999942,-70.90792703899996,196.0,True
PFV-ELPELICANO,EL PELICANO,Solar,-29.146154172999957,-70.87099534599997,105.032,True
PFV-LAHUELLA,LA HUELLA,Solar,-29.141199335999943,-70.89227355299994,84.0,True
PFV-DONACARMEN,DONA CARMEN SOLAR,Solar,-32.47888003299994,-71.25404612499995,34.542,True
PFV-SANTIAGOSOLAR,SANTIAGO SOLAR,Solar,-33.077898267999956,-70.86172432299998,90.83,True
PFV-QUILAPILUN,QUILAPILUN,Solar,-33.103695020999965,-70.68793057499994,112.385,True
PFV-PUERTOSECO,PUERTO SECO SOLAR,Solar,-22.44992044199995,-68.87011641499998,8.959,True
PFV-CAPRICORNIO,CAPRICORNIO,Solar,-23.416622098999937,-70.17838756599997,88.6173,True
PFV-DIEGOALMAGROSUR,,Solar,,,,False
PFV-PAMPATIGRE,PAMPA TIGRE,Solar,-23.85503583999997,-69.79625321599997,101.892,True
PFV-VALLEESCONDIDO,VALLE ESCONDIDO,Solar,-27.808912490999944,-70.27413147399994,106.23,True
PFV-VALLEDELSOL,VALLE DEL SOL (MODIFICACION),Solar,-22.33320521199994,-69.57814574499997,149.55,True
PFV-COYA,COYA,Solar,-22.249203131999934,-69.57438430399998,182.373,True
PFV-GUANCHOI,GUANCHOI,Solar,-26.66220749799993,-69.94835179699999,356.6098,True
PFV-ANDES2B,ANDES II B,Solar,-23.997595995999973,-68.57365581699997,129.7287,True
PFV-MESETADELOSANDES,MESETA DE LOS ANDES,Solar,-32.89399641399996,-70.54079819299994,148.8953,True
PFV-MANZANO,EL MANZANO,Solar,-33.09987761299993,-70.78833127899998,91.74,True
PFV-ELENA,ELENA ETAPA I (FASE I),Solar,-22.16279561099998,-69.47836406499994,66.442,True
PFV-WILLKA,WILLKA,Solar,-18.499238503999948,-70.10851955699997,97.9998,True
PFV-LASSALINAS,LAS SALINAS - ETAPA 1,Solar,-22.855043429999967,-68.95385543899994,198.1912,True
PFV-LALACKAMA-2,LALACKAMA II,Solar,-25.10889218099993,-70.30987712599995,16.4505,True
PFV-CEME1,CEME 1,Solar,-22.360580006999953,-69.59252610199997,401.106,True
PFV-DONAANTONIA,DONA ANTONIA,Solar,-30.471185469999966,-71.16539621099997,79.3579,True
PFV-DONHUMBERTO,DON HUMBERTO,Solar,-33.12079093999995,-70.81888147799998,80.8036,True
PFV-GRANTENO,,Solar,,,,False
PFV-ANDESIV,ANDES SOLAR,Solar,-24.00854670399997,-68.58490714699997,21.425,True
PFV-TAMARICO,TAMARICO,Solar,-28.436683768999956,-70.77496756099998,152.3,True
PFV-TAIRA,TAIRA,Solar,-22.25988887699998,-69.53511122199995,200.3316,True
PFV-LEYDA,,Solar,,,,False
PFV-DOMEYKO *,DOMEYKO,Solar,-24.062041127999976,-69.57744472299999,201.61,True
PFV-SOLDELILA *,SOL DE LILA,Solar,-24.03316840399998,-68.57509231199998,149.23,True
PE-CERROTIGRE *,CERRO TIGRE,Eólica,-23.76023049199995,-69.92844411399994,182.05,True
PE-MALLECONORTE *,,Eólica,,,,False
PFV-LACRUZSOLAR *,LA CRUZ SOLAR,Solar,-22.257168754999952,-69.61214086099994,52.0201,True
PFV-SOLDELOSANDES *,SOL DE LOS ANDES,Solar,-26.31823024199997,-69.92355276399996,89.7155,True
PFV-CAPRICORNIO*,CAPRICORNIO,Solar,-23.416622098999937,-70.17838756599997,88.6173,True
